{
    "name": "A",
    "value": 811.0,
    "infectious_rate": 0.09523809523809523,
    "recovery_rate": 0.07142857142857142,
    "variant_B": {
        "name": "B",
        "value": 867.5886149290008,
        "infectious_rate": 0.08589384610553673,
        "recovery_rate": 0.08561941299969304
    }
}