Rate of Infection per day,Rate of Recovery per dat
0.09523809523809523,0.07142857142857142
0.08589384610553673,0.08561941299969304
