{
    "name": "A",
    "value": 277,
    "infectious_rate": 0.09523809523809523,
    "recovery_rate": 0.07142857142857142,
    "variant_B": {
        "name": "B",
        "value": 190.4717348495816,
        "infectious_rate": 0.08781001141072753,
        "recovery_rate": 0.0646740627500244
    },
    "variant_C": {
        "name": "C",
        "value": 326.00234591711916,
        "infectious_rate": 0.08757260409105332,
        "recovery_rate": 0.05245137482967384
    },
    "variant_D": {
        "name": "D",
        "value": 315.1410020520551,
        "infectious_rate": 0.07710870937754677,
        "recovery_rate": 0.04987815159931305
    },
    "variant_E": {
        "name": "E",
        "value": 250.7014345092738,
        "infectious_rate": 0.07700939081551955,
        "recovery_rate": 0.047597348344330104
    },
    "variant_F": {
        "name": "F",
        "value": 260.3046081876163,
        "infectious_rate": 0.07086952942684852,
        "recovery_rate": 0.05137938517058669
    },
    "variant_G": {
        "name": "G",
        "value": 298.8574527226334,
        "infectious_rate": 0.07512556136079501,
        "recovery_rate": 0.06177033097533711
    },
    "variant_H": {
        "name": "H",
        "value": 341.8082492971697,
        "infectious_rate": 0.06408229504348867,
        "recovery_rate": 0.06624526992667701
    },
    "variant_I": {
        "name": "I",
        "value": 284.7650688089461,
        "infectious_rate": 0.05233437839667237,
        "recovery_rate": 0.06394013398783976
    }
}