{
    "name": "A",
    "value": 281.0,
    "infectious_rate": 0.09090909090909091,
    "recovery_rate": 0.07142857142857142,
    "variant_B": {
        "name": "B",
        "value": 241.84569577014574,
        "infectious_rate": 0.08302588519698902,
        "recovery_rate": 0.07221749912785158
    },
    "variant_C": {
        "name": "C",
        "value": 465.65482621036796,
        "infectious_rate": 0.07953297963656802,
        "recovery_rate": 0.06594088608628978
    },
    "variant_D": {
        "name": "D",
        "value": 188.3742817838138,
        "infectious_rate": 0.06852280090869745,
        "recovery_rate": 0.06792568472834652
    },
    "variant_E": {
        "name": "E",
        "value": 265.3859768250388,
        "infectious_rate": 0.07591776088408793,
        "recovery_rate": 0.058401776348499954
    },
    "variant_F": {
        "name": "F",
        "value": 522.8721857361538,
        "infectious_rate": 0.05931071852927476,
        "recovery_rate": 0.06533059472301991
    },
    "variant_G": {
        "name": "G",
        "value": 512.0886697335213,
        "infectious_rate": 0.06561869536884898,
        "recovery_rate": 0.06231076936654372
    },
    "variant_H": {
        "name": "H",
        "value": 149.3518089878972,
        "infectious_rate": 0.06038223213140585,
        "recovery_rate": 0.054468329301911714
    },
    "variant_I": {
        "name": "I",
        "value": 88.25868552441639,
        "infectious_rate": 0.0780038141681138,
        "recovery_rate": 0.05253973209562283
    }
}