Time,Number of Infections
6.3738829,704.0
13.8507151,158.0
12.3293109,643.0
16.3915798,304.0
5.5326739,1.0
18.546047,136.0
16.0160267,279.0
19.2879525,178.0
15.9552544,596.0
