{
    "name": "A",
    "value": 651.0,
    "infectious_rate": 0.09523809523809523,
    "recovery_rate": 0.07142857142857142,
    "variant_B": {
        "name": "B",
        "value": 707.9217059505796,
        "infectious_rate": 0.125,
        "recovery_rate": 0.1111111111111111
    }
}