Time,Number of Infections
7.2345315,704.0
11.0669826,312.0
