{
    "name": "A",
    "value": 636.0,
    "infectious_rate": 0.16666666666666666,
    "recovery_rate": 0.07142857142857142,
    "variant_B": {
        "name": "B",
        "value": 317.5055039989004,
        "infectious_rate": 0.17199620594949575,
        "recovery_rate": 0.08450778649075644,
        "variant_D": {
            "name": "D",
            "value": 444.68819878509055,
            "infectious_rate": 0.21648867036486386,
            "recovery_rate": 0.1259770571358557
        },
        "variant_F": {
            "name": "F",
            "value": 68.06258814708406,
            "infectious_rate": 0.10607606448841325,
            "recovery_rate": 2.270966552791469
        },
        "variant_I": {
            "name": "I",
            "value": 227.21435844158077,
            "infectious_rate": 0.07099483328589473,
            "recovery_rate": 0.13942872095451483
        }
    },
    "variant_C": {
        "name": "C",
        "value": 674.2137447186147,
        "infectious_rate": 0.17098494481903584,
        "recovery_rate": 0.1729644869162135
    },
    "variant_E": {
        "name": "E",
        "value": 757.7964603294276,
        "infectious_rate": 0.16120013701921937,
        "recovery_rate": 0.12921755535934532
    },
    "variant_G": {
        "name": "G",
        "value": 834.9617717476348,
        "infectious_rate": 0.1066750000491796,
        "recovery_rate": 0.4394232980661242
    },
    "variant_H": {
        "name": "H",
        "value": 793.97117848226,
        "infectious_rate": 0.1023339815430633,
        "recovery_rate": 0.42417929539829785
    }
}