Time,Number of Infections
4.6158355,783.0
6.9246638,772.0
9.1676257,305.0
7.4679316,721.0
9.1777324,536.0
4.1592492,1.0
4.360913,2.0
4.556844,1.0
20.7142154,253.0
