Rate of Infection per day,Rate of Recovery per dat
0.09090909090909091,0.07142857142857142
0.07041418890932737,0.08551934535614968
