Start Time,End Time,Status
0.0,64.510813,2.0
0.4554418,53.3110444,2.0
