Time,Number of Infections
6.8871577,584.0
6.7473673,571.0
