Time,Number of Infections
6.6005752,693.0
10.6040043,619.0
14.0104392,122.0
13.7308848,400.0
15.473852,402.0
12.8113791,27.0
15.5857518,3.0
17.2398439,501.0
15.3698071,588.0
