Rate of Infection per day,Rate of Recovery per dat
0.09523809523809523,0.07142857142857142
0.082504182281721,0.07401331792016869
