{
    "name": "A",
    "value": 285.0,
    "infectious_rate": 0.09523809523809523,
    "recovery_rate": 0.07142857142857142,
    "variant_B": {
        "name": "B",
        "value": 336.07565544848114,
        "infectious_rate": 0.06666666666666667,
        "recovery_rate": 0.05
    }
}