{
    "name": "A",
    "value": 804.0,
    "infectious_rate": 0.09523809523809523,
    "recovery_rate": 0.07142857142857142,
    "variant_B": {
        "name": "B",
        "value": 1118.7339840046263,
        "infectious_rate": 0.082504182281721,
        "recovery_rate": 0.07401331792016869
    }
}