Time,Number of Infections
6.5326452,350.0
9.2901885,252.0
11.7168782,77.0
10.7669736,95.0
6.8716499,1.0
8.37759,7.0
7.5730696,1.0
24.3121751,13.0
8.380131,2.0
