{
    "name": "A",
    "value": 944.0,
    "infectious_rate": 0.09090909090909091,
    "recovery_rate": 0.07142857142857142,
    "variant_B": {
        "name": "B",
        "value": 1137.7844248376343,
        "infectious_rate": 0.07041418890932737,
        "recovery_rate": 0.08551934535614968
    }
}