{
    "name": "A",
    "value": 405.0,
    "infectious_rate": 0.16666666666666666,
    "recovery_rate": 0.07142857142857142
}