Start Time,End Time,Status
0.0,56.6910683,2.0
4.9995346,49.9516925,2.0
9.9976892,75.6459209,2.0
