Time,Number of Infections
6.9905421,695.0
10.9210354,673.0
