Time,Number of Infections
6.1754442,686.0
8.6026269,292.0
9.1220062,405.0
10.1596256,136.0
9.9092014,632.0
13.4891025,285.0
8.763731,5.0
13.9061727,65.0
19.2348424,331.0
