{
    "name": "A",
    "value": 510.0,
    "infectious_rate": 0.09523809523809523,
    "recovery_rate": 0.07142857142857142,
    "variant_B": {
        "name": "B",
        "value": 565.1492869246249,
        "infectious_rate": 0.0923504950768614,
        "recovery_rate": 0.06731058905952414,
        "variant_C": {
            "name": "C",
            "value": 876.0483149898635,
            "infectious_rate": 0.07352622619192406,
            "recovery_rate": 0.06622364152885343
        },
        "variant_D": {
            "name": "D",
            "value": 345.5385277637482,
            "infectious_rate": 0.07723931257739293,
            "recovery_rate": 0.05340727943557828
        },
        "variant_E": {
            "name": "E",
            "value": 200.65815658891825,
            "infectious_rate": 0.062601187259216,
            "recovery_rate": 0.05162746906140326
        },
        "variant_F": {
            "name": "F",
            "value": 469.59597532806066,
            "infectious_rate": 0.06249572033881904,
            "recovery_rate": 0.04860365430725553
        },
        "variant_G": {
            "name": "G",
            "value": 539.1438456993149,
            "infectious_rate": 0.05902814498966535,
            "recovery_rate": 0.04861397715680206
        },
        "variant_H": {
            "name": "H",
            "value": 673.7999658947688,
            "infectious_rate": 0.05774235150994599,
            "recovery_rate": 0.05191434355198814
        },
        "variant_I": {
            "name": "I",
            "value": 643.3844551979552,
            "infectious_rate": 0.06522678266560725,
            "recovery_rate": 0.06395325633170082
        }
    }
}