{
    "name": "A",
    "value": 817.0,
    "infectious_rate": 0.09090909090909091,
    "recovery_rate": 0.07142857142857142,
    "variant_B": {
        "name": "B",
        "value": 797.2333451420014,
        "infectious_rate": 0.09500528195063315,
        "recovery_rate": 0.07100761731086515,
        "variant_F": {
            "name": "F",
            "value": 1011.1866329312124,
            "infectious_rate": 0.10849595930107642,
            "recovery_rate": 0.08131341160603149
        },
        "variant_G": {
            "name": "G",
            "value": 936.7897037467925,
            "infectious_rate": 0.08804850960618521,
            "recovery_rate": 0.09079076593944321
        }
    },
    "variant_C": {
        "name": "C",
        "value": 885.2496833848414,
        "infectious_rate": 0.10269710516692762,
        "recovery_rate": 0.09192690890506486
    },
    "variant_D": {
        "name": "D",
        "value": 829.8638438981876,
        "infectious_rate": 0.11680652195917056,
        "recovery_rate": 0.10540577931313266
    },
    "variant_E": {
        "name": "E",
        "value": 976.07475885613,
        "infectious_rate": 0.10671334026063936,
        "recovery_rate": 0.08321969338212197,
        "variant_I": {
            "name": "I",
            "value": 1077.3298064519156,
            "infectious_rate": 0.08329762130436956,
            "recovery_rate": 0.07455526726766624
        }
    },
    "variant_H": {
        "name": "H",
        "value": 1014.6439024431859,
        "infectious_rate": 0.07946953481903152,
        "recovery_rate": 0.07397220324169151
    }
}