Rate of Infection per day,Rate of Recovery per dat
0.09090909090909091,0.07142857142857142
0.09500528195063315,0.07100761731086515
0.10269710516692762,0.09192690890506486
0.11680652195917056,0.10540577931313266
0.10671334026063936,0.08321969338212197
0.10849595930107642,0.08131341160603149
0.08804850960618521,0.09079076593944321
0.07946953481903152,0.07397220324169151
0.08329762130436956,0.07455526726766624
