Start Time,End Time,Status
0.0,64.9808553,2.0
19.9984886,98.2861577,2.0
