Rate of Infection per day,Rate of Recovery per dat
0.09090909090909091,0.07142857142857142
0.08209703816912037,0.06907706712235373
0.08700846387074614,0.07724560879515609
0.08232164160050273,0.09219065425735684
0.07432521160143449,0.05957712979188005
0.06583962767254224,0.05542077564147495
0.06420859311583196,0.07128439303964713
0.058560754986295024,0.07537148926220275
0.05246733227874088,0.07535437526637379
