Start Time,End Time,Status
0.0,43.1791296,2.0
4.9971544,36.5478842,2.0
