{
    "name": "A",
    "value": 254.0,
    "infectious_rate": 0.09523809523809523,
    "recovery_rate": 0.07142857142857142,
    "variant_B": {
        "name": "B",
        "value": -33.84091119300109,
        "infectious_rate": 0.15557273976074068,
        "recovery_rate": 0.07506960459144156
    },
    "variant_C": {
        "name": "C",
        "value": 374.23670900169196,
        "infectious_rate": 0.15111361711364,
        "recovery_rate": 0.08846943423547332
    },
    "variant_D": {
        "name": "D",
        "value": 341.10784284014,
        "infectious_rate": 0.27125070432916853,
        "recovery_rate": 0.0709868547149266,
        "variant_E": {
            "name": "E",
            "value": 536.3226103008051,
            "infectious_rate": 0.204579167610951,
            "recovery_rate": 0.07049809233963779
        },
        "variant_F": {
            "name": "F",
            "value": 211.7046113984533,
            "infectious_rate": 0.40206256694254533,
            "recovery_rate": 0.05716701846442824
        },
        "variant_G": {
            "name": "G",
            "value": 411.09274645163936,
            "infectious_rate": 1.0449156104180184,
            "recovery_rate": 0.0683022594917509,
            "variant_H": {
                "name": "H",
                "value": 359.79650219771383,
                "infectious_rate": 1.5821762166125257,
                "recovery_rate": 0.07740815239744325
            },
            "variant_I": {
                "name": "I",
                "value": 604.5785635702426,
                "infectious_rate": 0.26882019263565504,
                "recovery_rate": 0.09532966384573177
            }
        }
    }
}