{
    "name": "A",
    "value": 15.0,
    "infectious_rate": 0.09090909090909091,
    "recovery_rate": 0.07142857142857142
}