Start Time,End Time,Status
0.0,53.9475829,2.0
4.9989954,48.9738605,2.0
