Time,Number of Infections
8.9383555,674.0
14.162244,708.0
13.8936202,669.0
26.100275,187.0
18.2370318,215.0
18.960298,355.0
11.0606016,2.0
19.2308918,565.0
19.9818603,515.0
