Start Time,End Time,Status
0.0,80.2410496,2.0
3.9107844,82.1890574,2.0
