Time,Number of Infections
7.8919585,6789.0
16.2958676,5743.0
