{
    "name": "A",
    "value": 983.0,
    "infectious_rate": 0.09523809523809523,
    "recovery_rate": 0.07142857142857142
}