Time,Number of Infections
9.1603934,699.0
44.9095192,281.0
