Time,Number of Infections
6.3782865,687.0
13.0660337,410.0
33.2566421,114.0
